,obj,endobj,stream,endstream,xref,trailer,startxref,/Page,/Encrypt,/ObjStm,/JS,/JavaScript,/AA,/OpenAction,/AcroForm,/JBIG2Decode,/RichMedia,/Launch,/EmbeddedFile,/XFA,/Colors > 2^24
0,6,6,1,1,1,1,1,1,0,0,0,0,0,0,0,0,0,0,0,0,0
1,6,6,2,2,1,1,1,1,0,0,0,0,0,0,0,0,0,0,0,0,0
2,516,516,175,175,2,2,2,8,2,0,56,57,4,1,1,0,0,0,0,0,0
3,795,795,374,374,2,2,2,16,1,0,11,11,4,1,1,0,0,0,0,0,0
4,8,8,1,1,1,1,1,1,0,0,0,0,0,0,0,0,0,0,0,0,0
5,6,6,1,1,1,1,1,1,0,0,0,0,0,0,0,0,0,0,0,0,0
6,331,331,297,297,0,0,2,26,2,35,0,0,2,1,1,0,0,0,0,0,0
7,6,6,1,1,1,1,1,1,0,0,0,0,0,0,0,0,0,0,0,0,0
8,252,252,111,111,2,2,2,21,0,0,0,0,2,0,0,0,0,0,0,0,0
9,9,9,2,2,1,1,1,1,0,0,0,0,0,0,1,0,0,0,0,0,0
10,9,9,2,2,1,1,1,1,0,0,0,0,0,0,0,0,0,0,0,0,0
11,21,21,12,12,2,2,2,1,0,0,0,0,0,0,0,0,0,0,0,0,0
12,11,11,1,1,1,1,1,1,0,0,0,0,0,0,0,0,0,0,0,0,0
13,6,6,1,1,1,1,1,1,0,0,0,0,0,0,0,0,0,0,0,0,0
14,7,7,1,1,1,1,1,1,0,0,0,0,0,0,0,0,0,0,0,0,0
15,6,6,1,1,1,1,1,1,0,0,0,0,0,0,0,0,0,0,0,0,0
16,6,6,1,1,1,1,1,1,0,0,0,0,0,0,0,0,0,0,0,0,0
17,12,12,5,5,2,2,2,1,0,0,0,0,0,0,0,0,0,0,0,0,0
18,8,8,1,1,1,1,1,1,0,0,0,0,0,0,0,0,0,0,0,0,0
19,32,32,5,5,1,1,1,2,0,0,2,2,1,0,0,0,0,0,3,0,0
20,16,16,2,2,1,1,1,1,0,0,0,0,0,0,0,0,0,0,0,0,0
21,6,6,1,1,1,1,1,1,0,0,0,0,0,0,0,0,0,0,0,0,0
22,7,7,2,2,1,1,1,1,0,0,0,0,0,0,0,0,0,0,0,0,0
23,411,411,57,57,1,1,1,38,1,0,0,0,0,1,0,0,0,0,0,0,0
24,24,24,4,4,1,1,1,1,0,0,0,0,1,1,0,0,0,0,1,0,0
25,14,14,9,9,1,1,1,1,0,0,0,0,0,0,0,0,0,0,0,0,0
26,18,18,3,3,1,1,1,3,0,0,0,0,0,0,0,0,0,0,0,0,0
27,34,34,8,8,1,1,1,1,0,0,0,0,1,1,0,0,0,0,1,0,0
28,37,37,5,5,2,2,2,1,0,0,0,0,0,0,0,0,0,0,0,0,0
29,8,8,2,2,1,1,1,1,0,0,0,0,0,0,0,0,0,0,0,0,0
30,6,6,1,1,1,1,1,1,0,0,0,0,0,0,0,0,0,0,0,0,0
31,12,12,4,4,1,1,1,4,0,0,0,0,0,0,0,0,0,0,0,0,0
32,411,411,57,57,1,1,1,38,1,0,0,0,0,1,0,0,0,0,0,0,0
33,8,8,1,1,1,1,1,1,0,0,0,0,0,0,0,0,0,0,0,0,0
34,6,6,1,1,1,1,1,1,0,0,0,0,0,0,0,0,0,0,0,0,0
35,6,6,1,1,1,1,1,1,0,0,0,0,0,0,0,0,0,0,0,0,0
36,7076,7076,200,200,1,1,1,200,0,0,0,0,0,0,0,0,0,0,0,0,0
37,7,7,1,1,1,1,1,1,0,0,0,0,0,0,0,0,0,0,0,0,0
38,12,12,6,6,1,1,1,3,0,0,0,0,0,0,0,0,0,0,0,0,0
39,35,35,3,3,1,1,1,1,0,0,0,0,0,0,0,0,0,0,0,0,0
40,3,3,0,0,1,1,1,1,0,0,0,0,0,1,0,0,0,1,0,0,0
41,28,28,4,4,1,1,1,4,0,0,0,0,0,0,0,0,0,0,0,0,0
42,12,12,3,3,1,1,1,1,0,0,0,0,0,0,0,0,0,0,0,0,0
43,6,6,1,1,1,1,1,1,0,0,0,0,0,0,0,0,0,0,0,0,0
44,20,20,7,7,1,1,1,1,0,0,0,0,0,0,1,0,0,0,0,0,0
45,26,26,9,9,1,1,1,1,0,0,2,3,0,0,1,0,0,0,0,0,0
46,11,11,1,1,1,1,1,1,0,0,0,0,0,0,0,0,0,0,0,0,0
47,6,6,1,1,1,1,1,1,0,0,0,0,0,0,0,0,0,0,0,0,0
48,10,10,2,2,1,1,1,1,0,0,0,0,0,0,0,0,0,0,0,0,0
49,173,173,84,84,6,6,4,9,0,2,0,0,0,0,3,0,0,0,0,0,0
50,7,7,1,1,1,1,1,1,0,0,0,0,0,0,0,0,0,0,0,0,0
51,10,10,1,1,1,1,1,1,0,0,0,0,0,0,0,0,0,0,0,0,0
52,605,605,157,157,1,1,1,23,1,0,4,3,3,1,1,0,0,0,0,0,0
53,8,8,4,4,1,1,1,1,0,0,0,0,0,0,0,0,0,0,0,0,0
54,30,30,9,9,1,1,1,1,0,0,0,0,0,0,1,0,0,0,0,0,0
55,81,81,53,53,1,1,1,1,0,0,52,53,17,0,1,0,0,0,0,0,0
56,12,12,6,6,1,1,1,2,0,0,0,0,0,0,0,0,0,0,0,0,0
57,430,430,55,55,1,1,1,9,1,0,3,3,2,1,1,0,0,0,0,0,0
58,102,102,20,20,2,2,2,1,0,0,7,7,0,0,1,0,0,0,0,0,0
59,8,8,1,1,1,1,1,1,0,0,0,0,0,0,0,0,0,0,0,0,0
60,1049,1049,133,133,1,1,1,41,1,0,3,3,2,1,1,0,0,0,0,0,0
61,36,36,15,15,1,1,1,15,0,0,0,0,0,0,0,0,0,0,0,0,0
62,9,9,2,2,1,1,1,2,0,0,0,0,0,0,0,0,0,0,0,0,0
63,50,50,16,16,1,1,1,1,0,0,5,6,2,1,1,0,0,0,1,0,0
64,4448,4448,2063,2063,2,2,2,175,1,0,5,5,2,1,1,0,0,0,0,0,0
65,13,13,2,2,1,1,1,2,0,0,0,0,0,0,0,0,0,0,0,0,0
66,11,11,2,2,1,1,1,1,0,0,0,0,0,0,0,0,0,0,0,0,0
67,8,8,2,2,1,1,1,2,0,0,0,0,0,0,0,0,0,0,0,0,0
68,35,35,1,1,1,1,1,1,0,0,0,0,0,0,0,0,0,0,0,0,0
69,12,12,1,1,1,1,1,1,0,0,0,0,0,0,0,0,0,0,0,0,0
70,7,7,1,1,1,1,1,1,0,0,0,0,0,0,0,0,0,0,0,0,0
71,6,6,1,1,1,1,1,1,0,0,0,0,0,0,0,0,0,0,0,0,0
72,6,6,1,1,1,1,1,1,0,0,0,0,0,0,0,0,0,0,0,0,0
73,34,34,8,8,1,1,1,1,0,0,0,0,1,1,0,0,0,0,1,0,0
74,6,6,1,1,1,1,1,1,0,0,0,0,0,0,0,0,0,0,0,0,0
75,10,10,3,3,1,1,1,3,0,0,0,0,0,0,0,0,0,0,0,0,0
76,8,8,2,2,1,1,1,2,0,0,0,0,0,0,0,0,0,0,0,0,0
77,6,6,1,1,1,1,1,1,0,0,0,0,0,0,0,0,0,0,0,0,0
78,13,13,2,2,1,1,1,1,0,0,0,0,0,0,0,0,0,0,0,0,0
79,13,13,10,10,0,0,1,1,0,3,0,0,0,0,0,0,0,0,0,0,0
80,5,5,1,1,1,1,1,1,0,0,0,0,0,0,0,0,0,0,0,0,0
81,11,11,2,2,1,1,1,1,0,0,1,1,0,0,0,0,0,0,1,0,0
82,406,403,70,70,1,1,1,9,1,0,13,11,6,1,1,0,0,0,0,0,0
83,12,12,5,5,2,2,2,1,0,0,0,0,0,0,0,0,0,0,0,0,0
84,12,12,7,7,1,1,1,2,0,0,0,0,0,0,0,0,0,0,0,0,0
85,5,5,1,1,1,1,1,1,0,0,0,0,0,0,0,0,0,0,0,0,0
86,14,14,2,2,1,1,1,2,0,0,0,0,0,0,0,0,0,0,0,0,0
87,18,18,2,2,1,1,1,1,0,0,0,0,0,0,0,0,0,0,0,0,0
88,8,8,2,2,1,1,1,1,0,0,0,0,0,0,0,0,0,0,0,0,0
89,10,10,2,2,1,1,1,1,0,0,0,0,0,0,0,0,0,0,1,0,0
90,7,7,3,3,1,1,1,1,0,0,0,0,0,0,0,0,0,0,0,0,0
91,6,6,1,1,1,1,1,1,0,0,0,0,0,0,0,0,0,0,0,0,0
92,6,6,2,2,1,1,1,1,0,0,0,0,0,0,0,0,0,0,0,0,0
93,1051,1050,143,143,1,1,1,41,1,0,43,43,5,1,1,0,0,0,0,0,0
94,6,6,1,1,1,1,1,1,0,0,0,0,0,0,0,0,0,0,0,0,0
95,10,10,5,5,1,1,1,1,0,0,0,0,0,0,0,0,0,0,0,0,0
96,16,16,2,2,1,1,1,2,0,0,0,0,0,0,0,0,0,0,0,0,0
97,6,6,1,1,1,1,1,1,0,0,0,0,0,1,0,0,0,1,0,0,0
98,5,5,3,3,0,0,1,0,0,1,0,0,0,0,0,0,0,0,0,0,0
99,6,6,1,1,1,1,1,1,0,0,0,0,0,0,0,0,0,0,0,0,0
100,4277,4277,906,906,1,1,1,58,1,0,3,3,2,1,1,0,0,0,0,0,0
101,12,12,5,5,2,2,2,1,0,0,0,0,0,0,0,0,0,0,0,0,0
102,15,15,1,1,1,1,1,1,0,0,0,0,0,0,0,0,0,0,0,0,0
103,42,43,4,5,1,1,1,1,0,0,0,0,0,0,0,0,0,0,0,0,0
104,10,10,1,1,1,1,1,1,0,0,2,3,1,0,0,0,0,0,0,0,0
105,7,7,1,1,1,1,1,1,0,0,0,0,0,0,0,0,0,0,0,0,0
106,14,14,2,2,1,1,1,2,0,0,0,0,0,0,0,0,0,0,0,0,0
107,46,46,20,20,1,1,1,20,0,0,0,0,0,0,0,0,0,0,0,0,0
108,15,15,4,4,1,1,1,1,0,0,2,2,1,0,1,0,0,0,0,0,0
